Index,Customer Id,First Name,Company,Country,Email
1,DD37Cf93aecA6Dc,Sheryl,Rasmussen Group,Chile,zunigavanessa@smith.info
2,1Ef7b82A4CAAD10,Preston,Vega-Gentry,Djibouti,vmata@colon.com
3,6F94879bDAfE5a6,Roy,Murillo-Perry,Antigua and Barbuda,beckycarr@hogan.com
4,5Cef8BFA16c5e3c,Linda,"Dominguez, Mcmillan and Donovan",Dominican Republic,stanleyblackwell@benson.org
5,053d585Ab6b3159,Joanna,"Martin, Lang and Andrade",Slovakia (Slovak Republic),colinalvarado@miles.net
6,2d08FB17EE273F4,Aimee,Steele Group,Bosnia and Herzegovina,louis27@gilbert.com
7,EA4d384DfDbBf77,Darren,"Lester, Woodard and Mitchell",Pitcairn Islands,tgates@cantrell.com
8,0e04AFde9f225dE,Brett,"Sanford, Davenport and Giles",Bulgaria,asnow@colon.com
9,C2dE4dEEc489ae0,Sheryl,Browning-Simon,Cyprus,mariokhan@ryan-pope.org
10,8C2811a503C7c5a,Michelle,Beck-Hendrix,Timor-Leste,mdyer@escobar.net
11,216E205d6eBb815,Carl,"Oconnell, Meza and Everett",Guernsey,kirksalas@webb.com
12,CEDec94deE6d69B,Jenna,"Hoffman, Reed and Mcclain",Vietnam,mark42@robbins.com
13,e35426EbDEceaFF,Tracey,Graham-Francis,Togo,alex56@walls.org
14,A08A8aF8BE9FaD4,Kristine,Carpenter-Cook,Sri Lanka,holdenmiranda@clarke.com
15,6fEaA1b7cab7B6C,Faith,Carter-Hancock,Singapore,cassieparrish@blevins-chapman.net
16,8cad0b4CBceaeec,Miranda,Singleton and Sons,Oman,vduncan@parks-hardy.com
17,a5DC21AE3a21eaA,Caroline,Winters-Mendoza,Western Sahara,holtgwendolyn@watson-davenport.com
18,F8Aa9d6DfcBeeF8,Greg,Valentine LLC,Mozambique,jaredjuarez@carroll.org
19,F160f5Db3EfE973,Clifford,Simon LLC,South Georgia and the South Sandwich Islands,joseph26@jacobson.com
20,0F60FF3DdCd7aB0,Joanna,Mays-Mccormick,French Polynesia,tuckerangie@salazar.net
21,9F9AdB7B8A6f7F2,Maxwell,Patterson Inc,Malta,fgibson@drake-webb.com
22,FBd0Ded4F02a742,Kiara,"Manning, Hester and Arroyo",Netherlands,blanchardbob@wallace-shannon.com
23,2FB0FAA1d429421,Colleen,Greer and Sons,Paraguay,rsingleton@ryan-cherry.com
24,010468dAA11382c,Janet,Watts-Donaldson,Lao People's Democratic Republic,stefanie71@spence.com
25,eC1927Ca84E033e,Shane,Tucker LLC,Albania,mariah88@santos.com
26,09D7D7C8Fe09aea,Marcus,Giles Ltd,Panama,donnamullins@norris-barrett.org
27,aBdfcF2c50b0bfD,Dakota,Simmons Group,Belarus,stacey67@fields.org
28,b92EBfdF8a3f0E6,Frederick,"Hinton, Chaney and Stokes",Switzerland,jacobkhan@bright.biz
29,3B5dAAFA41AFa22,Stefanie,Santana-Duran,Saint Vincent and the Grenadines,wterrell@clark.com
30,EDA69ca7a6e96a2,Kent,Sawyer PLC,Tanzania,qjimenez@boyd.com
31,64DCcDFaB9DFd4e,Jack,"Acosta, Petersen and Morrow",Zimbabwe,gfigueroa@boone-zavala.com
32,679c6c83DD872d6,Tom,Mcgee Group,Denmark,tapiagreg@beard.info
33,7Ce381e4Afa4ba9,Gabriel,Adkins-Salinas,Liechtenstein,coleolson@jennings.net
34,A09AEc6E3bF70eE,Kaitlyn,Herrera Group,United States of America,georgeross@miles.org
35,aA9BAFfBc3710fe,Faith,"Waters, Chase and Aguilar",Bahamas,willistonya@randolph-baker.com
36,E11dfb2DB8C9f72,Tammie,"Palmer, Barnes and Houston",Belize,harrisisaiah@jenkins.com
37,889eCf90f68c5Da,Nicholas,Jordan Ltd,Uruguay,fwolfe@dorsey.com
38,7a1Ee69F4fF4B4D,Jordan,Glover and Sons,Solomon Islands,tiffanydavies@harris-mcfarland.org
39,dca4f1D0A0fc5c9,Bruce,Huerta-Mclean,Montenegro,preese@frye-vega.com
40,17aD8e2dB3df03D,Sherry,Anderson Ltd,Poland,ann48@miller.com
41,2f79Cd309624Abb,Natalie,Monroe PLC,Dominican Republic,tcummings@fitzpatrick-ashley.com
42,6e5ad5a5e2bB5Ca,Bryan,Kaufman and Sons,Burkina Faso,woodwardandres@phelps.com
43,7E441b6B228DBcA,Wayne,Perkins-Trevino,Bolivia,barbarapittman@holder.com
44,D3fC11A9C235Dc6,Luis,Cross PLC,Bulgaria,bstuart@williamson-mcclure.com
45,30Dfa48fe5Ede78,Rhonda,"Herrera, Shepherd and Underwood",Monaco,zkrueger@wolf-chavez.net
46,fD780ED8dbEae7B,Joanne,"Price, Sexton and Mcdaniel",Palau,juan80@henson.net
47,300A40d3ce24bBA,Geoffrey,Short-Wiggins,Uzbekistan,bauercrystal@gay.com
48,283DFCD0Dba40aF,Gloria,"Brennan, Acosta and Ramos",Ghana,bartlettjenna@zuniga-moss.biz
49,F4Fc91fEAEad286,Brady,Osborne-Erickson,United Arab Emirates,mccalltyrone@durham-rose.biz
50,80F33Fd2AcebF05,Latoya,"Hobbs, Garrett and Sanford",Belarus,bobhammond@barry.biz
51,Aa20BDe68eAb0e9,Gerald,"Phelps, Forbes and Koch",Canada,uwarner@steele-arias.com
52,e898eEB1B9FE22b,Samuel,"May, Goodwin and Martin",Algeria,xpittman@ritter-carney.net
53,faCEF517ae7D8eB,Patricia,"Christian, Winters and Ellis",Swaziland,vaughanchristy@lara.biz
54,c09952De6Cda8aA,Stacie,Byrd Inc,Madagascar,clinton85@colon-arias.org
55,f3BEf3Be028166f,Robin,"Nixon, Blackwell and Sosa",Ecuador,greenemiranda@zimmerman.com
56,C6F2Fc6a7948a4e,Ralph,Montes PLC,Palestinian Territory,goodmancesar@figueroa.biz
57,c8FE57cBBdCDcb2,Phyllis,Costa PLC,Saint Barthelemy,yhanson@warner-diaz.org
58,B5acdFC982124F2,Danny,Novak LLC,United Arab Emirates,howelldarren@house-cohen.com
59,8c7DdF10798bCC3,Kathy,"Moore, Mccoy and Glass",South Georgia and the South Sandwich Islands,ncamacho@boone-simmons.org
60,C681dDd0cc422f7,Kelli,Petty Ltd,Sao Tome and Principe,kristopher62@oliver.com
61,a940cE42e035F28,Lynn,"Brennan, Camacho and Tapia",Portugal,mpham@rios-guzman.com
62,9Cf5E6AFE0aeBfd,Shelley,"Prince, Malone and Pugh",Togo,zachary96@mitchell-bryant.org
63,aEcbe5365BbC67D,Eddie,Caldwell Group,Ethiopia,kristiwhitney@bernard.com
64,FCBdfCEAe20A8Dc,Chloe,Simon LLC,Netherlands,leah85@sutton-terrell.com
65,636cBF0835E10ff,Eileen,"Knight, Abbott and Hubbard",Liberia,levigiles@vincent.com
66,fF1b6c9E8Fbf1ff,Fernando,Church-Banks,Lithuania,fisherlinda@schaefer.net
67,2A13F74EAa7DA6c,Makayla,Henderson Inc,New Caledonia,scottcurtis@hurley.biz
68,a014Ec1b9FccC1E,Tom,Donaldson-Dougherty,Kiribati,nicholsonnina@montgomery.info
69,421a109cABDf5fa,Virginia,Warren Ltd,French Southern Territories,zvalencia@phelps.com
70,CC68FD1D3Bbbf22,Riley,Wade PLC,Canada,alex06@galloway.com
71,CBCd2Ac8E3eBDF9,Alexandria,Keller-Coffey,Iran,lee48@manning.com
72,Ef859092FbEcC07,Richard,Conway-Mcbride,Morocco,aharper@maddox-townsend.org
73,F560f2d3cDFb618,Candice,Huynh and Sons,Zimbabwe,buckleycory@odonnell.net
74,A3F76Be153Df4a3,Anita,Parrish Ltd,Russian Federation,angie04@oconnell.com
75,D01Af0AF7cBbFeA,Regina,Guzman-Brown,Solomon Islands,zrosario@rojas-hardin.net
76,d40e89dCade7b2F,Debra,"Chang, Aguirre and Leblanc",United States Virgin Islands,shieldskerry@robles.com
77,BF6a1f9bd1bf8DE,Brittany,Mason-Hester,Kyrgyz Republic,mchandler@cochran-huerta.org
78,FfaeFFbbbf280db,Cassidy,"Mcguire, Huynh and Hopkins",Myanmar,katrinalane@fitzgerald.com
79,CbAE1d1e9a8dCb1,Laurie,"Sanchez, Marsh and Hale",Dominica,cookejill@powell.com
80,A7F85c1DE4dB87f,Alejandro,"Combs, Waller and Durham",Iceland,elizabethbarr@ewing.com
81,D6CEAfb3BDbaa1A,Leslie,Blankenship-Arias,Micronesia,corey75@wiggins.com
82,Ebdb6F6F7c90b69,Kathleen,"Coffey, Lamb and Johnson",Saint Vincent and the Grenadines,chloelester@higgins-wilkinson.com
83,E8E7e8Cfe516ef0,Hunter,Fitzpatrick-Lawrence,Isle of Man,isaac26@benton-finley.com
84,78C06E9b6B3DF20,Chad,Garcia-Jimenez,Oman,justinwalters@jimenez.com
85,03A1E62ADdeb31c,Corey,"Mcdonald, Bird and Ramirez",Fiji,maurice46@morgan.com
86,C6763c99d0bd16D,Emma,Stephens Inc,New Zealand,walter83@juarez.org
87,ebe77E5Bf9476CE,Duane,Montoya-Miller,Maldives,kmercer@wagner.com
88,E4Bbcd8AD81fC5f,Alison,"Vaughn, Watts and Leach",Benin,vcantu@norton.com
89,efeb73245CDf1fF,Vernon,Carter-Strickland,Yemen,hilljesse@barrett.info
90,37Ec4B395641c1E,Lori,Decker-Mcknight,Namibia,tyrone77@valenzuela.info
91,5ef6d3eefdD43bE,Nina,Byrd-Campbell,Bhutan,elliserica@frank.com
92,98b3aeDcC3B9FF3,Shane,Rocha-Hart,Hungary,nsteele@sparks.com
93,aAb6AFc7AfD0fF3,Collin,Lamb-Peterson,Anguilla,dudleyemily@gonzales.biz
94,54B5B5Fe9F1B6C5,Sherry,"Lee, Lucero and Johnson",Solomon Islands,alan79@gates-mclaughlin.com
95,BE91A0bdcA49Bbc,Darrell,"Newton, Petersen and Mathis",Mali,grayjean@lowery-good.com
96,cb8E23e48d22Eae,Karl,Carey LLC,Guyana,hhart@jensen.com
97,CeD220bdAaCfaDf,Lynn,"Ware, Burns and Oneal",Sri Lanka,vkemp@ferrell.com
98,28CDbC0dFe4b1Db,Fred,Schmitt-Jones,Solomon Islands,swagner@kane.org
99,c23d1D9EE8DEB0A,Yvonne,Fitzgerald-Harrell,Aruba,mccarthystephen@horn-green.biz
100,2354a0E336A91A1,Clarence,"Le, Nash and Cross",Honduras,colleen91@faulkner.biz
